customer_id,customer_name,location
101,Taylor Bates,New Eric
102,Karina Jones,Lake Gwendolynview
103,Nancy Harris,Davidsonfurt
104,Jerry Jackson,Edwardsport
105,David Wheeler,North Christinemouth
106,Jill Nguyen,Hudsonbury
107,Sandra Mendoza,Alexisberg
108,Geoffrey Perez,Timothyburgh
109,Craig Mitchell,North Teresamouth
110,Ashley Lee,Franciscostad
111,Rebecca Nichols,Stonefort
112,Tracy Spencer,Jamieville
113,Justin Willis,New Denisefurt
114,Dennis Miller,Lake Charlesstad
115,William Alvarez,Port Richardhaven
116,Robert Kidd,New Christymouth
117,Kenneth Jones,Maryton
118,Gloria Benitez,Fisherville
119,Todd Rivers,East Bethanyfort
120,Lauren Noble,Chavezborough
121,Stephanie Sexton,North Sarahport
122,Douglas Hill,West Cindyland
123,Michelle Marshall,Kaylachester
124,Ashlee Ramirez,Martinezstad
125,Steven Williams,Robbinsville
126,Paula Garcia,Davidmouth
127,Sara Garcia,Jessicaton
128,Laurie Yang,Pughview
129,Patrick Taylor,Christopherfurt
130,Tim Stevens,Davidport
131,Angela Murphy,South Clarence
132,Stephanie Johnson,New Justintown
133,Ann Luna,North Julie
134,Michelle Navarro,East Dan
135,Travis Reilly,Carolinefort
136,Julia Lopez,Mollystad
137,Jordan Rodriguez,Josephmouth
138,Christina Osborne,Brettburgh
139,Evan Shaw,Jenkinsport
140,Jeffrey Benton,Port Keith
141,Angela Gray,North Teresabury
142,Dustin Bennett,Mariashire
143,Robin Cook,New Brandi
144,Kathleen Ward,West Vincent
145,Molly Wilson,Oliverhaven
146,Jeanette Hahn,West Claudia
147,James Hardin,Millerberg
148,Janet Nelson,South Danielborough
149,Andrea Koch,New Jameshaven
150,Kristy Berry,Aguilarchester
151,Ronald Webb,New William
152,Melanie Jones,South Jessica
153,Holly Benton,West Thomastown
154,Tyrone Collins,Campbellmouth
155,Rachel Thomas,East Lee
156,Patrick Serrano,New Angelaview
157,Julia Patton,Pruittfurt
158,Sherry Perez,Brianfort
159,Amber Morris,New Nicole
160,Stephen Kaiser,East Madelinefurt
161,Hannah Franklin,North Jose
162,Laura Krause,Juliastad
163,Mr. Mark Williams Jr.,Amandaview
164,Michael Montgomery,Hoffmanbury
165,Sharon Fritz,East Laurenfort
166,Bonnie Hoffman,Gainesview
167,Wendy Porter,East David
168,Timothy Lewis,New Jimmy
169,Keith Smith,East Elizabethton
170,Robert Thomas,East Bonnie
171,Virginia Mayer,Cynthiaberg
172,Erika Galvan,Kevinview
173,Dr. Barbara Fowler DVM,New Amandafurt
174,Dawn Abbott,West Kellibury
175,Mrs. Bailey Powell,Gregoryton
176,Linda Harris,East Heather
177,Gina Burke,Emilyshire
178,Cheryl Jennings,Byrdport
179,Bailey Shannon,Hollyburgh
180,Jeffrey Robinson,Pamelafort
181,Meghan Kelly,North Stevenbury
182,Roy Tanner,Michelletown
183,Ana Stewart,New Amanda
184,Samuel Mueller,Lake Markfort
185,Kathleen Perez,West Samanthachester
186,Rebekah Bennett,Harveystad
187,James Munoz,Russellfort
188,James Ford,East Jesus
189,Lisa Dudley,Hollychester
190,Carrie Jones,Barkerstad
191,Brandi Martinez,Tammyville
192,John Thomas,Vargasview
193,Susan Gomez,North Frederick
194,Sharon Francis,West Mariaborough
195,Brent Brown,Lake James
196,Dennis Cox,Kelleyborough
197,John Perez,North Johnnyview
198,Shane Morgan,Port Danielle
199,Jeremy Solomon,Chasemouth
200,Robert Fischer,West Pamelatown
201,Christina Franklin,New Aprilhaven
202,Brenda Barajas,Jennatown
203,Jesse Blackwell,Port Mark
204,Bryan Richards,Port Amytown
205,Logan Alexander,Stevensfurt
206,Robert Ortega,Port Cindy
207,Kathleen Scott,Paulport
208,Sydney Melendez,Kevintown
209,Rebecca Evans,Schroederfort
210,Ashley Garcia,Moralesborough
211,Steven Woodward,Lindaton
212,John Shaffer,Michaelamouth
213,Kimberly Peters,Lake Richardberg
214,Brett Sutton,New Marcus
215,Oscar Ruiz,Port Emily
216,Tina Perez,Port Mariestad
217,Leslie King,Patriciastad
218,Diane Bennett,Port Jasonton
219,Richard Johnson,Annettebury
220,William Cox,North Stephen
221,Brian Williamson,Meganport
222,Michael Simmons,Carlsonmouth
223,Mark Marquez,Kimberlyport
224,Tiffany Prince,South Johnathan
225,William Martinez,Petersenchester
226,Christopher Richards,Karenberg
227,Felicia Bauer,Brittneyberg
228,Chad Orr,Thomasborough
229,Renee Le,Port Dennisstad
230,Janet Ortiz,South Tammy
231,Luis Rivas,Lake Melinda
232,Anthony Bowers,Elizabethville
233,Courtney Anderson,North Tracy
234,Kristine Nelson,West Cheryl
235,Tracy Willis,New Jonathan
236,Mia Ramos,Sandramouth
237,Christian Mccormick,Ellisfort
238,Scott Harper,East Andreaside
239,Megan Rice,Port Amandabury
240,Daisy Austin,North Anneburgh
241,James Williamson,West Andrewberg
242,Stephanie Klein,Sandovalland
243,James Mcgee,South Andrew
244,Edwin Baker,Estradafurt
245,Kayla Brown,Brentmouth
246,Nicole Harrison,West Georgeburgh
247,Richard Ortiz,Christineberg
248,Heidi Padilla,Smithmouth
249,Tommy Webb,Sparksville
250,Deborah Trujillo,Gilesside
251,Lucas Davis,North Megan
252,Julie Weber,Melissahaven
253,Stephanie Golden,South Annfurt
254,Julie Spears,North Martinview
255,Annette Woods,Hernandezmouth
256,Michelle Thompson,Strongtown
257,Amanda Lane,New Rita
258,Danny White,South Marcus
259,Lance Best,East Ryanbury
260,David Carr,Smithville
261,Julian Hughes,Port Haley
262,Christopher Parker,South Lisa
263,Susan Massey,South Michaelberg
264,Edgar Medina,New Kimberly
265,Shawn Orozco,East Christopher
266,Kelly Cooke,Dennisburgh
267,Veronica Jones,Pattersonburgh
268,Anna Parker,Adamburgh
269,Seth Wright,Markport
270,Timothy Vazquez,Morganport
271,Andrea Whitney,North Shellyview
272,Victoria Green,Snowfurt
273,Katelyn Stewart,West Davidview
274,Chelsea Campbell,Lake Jenniferbury
275,Patrick Boyd,West Kristinchester
276,Michael Bailey,Lake Leon
277,Taylor Morgan,North Jenniferborough
278,Samuel Lane,Codyville
279,James Baker,Samuelchester
280,Danielle Wheeler,New William
281,Tyler Small,North Kim
282,Jodi Lopez,South Daniellebury
283,Maria Bowman,Allenville
284,Scott Cunningham,Hensonside
285,Sara Lamb,Ramirezhaven
286,Aaron Jones,Martinezchester
287,Adam Delgado,North Sean
288,Donna Patterson,South Franciscochester
289,Tammy Bradley,Stevenchester
290,Jenna Medina,Sarahview
291,Hector Cruz,Richardview
292,Mark Henderson,Meganfort
293,Anita Martin,Richbury
294,Betty Pennington,Hollandside
295,Sean Gordon,Port Jacqueline
296,Dr. Lori Cox DVM,Bartlettshire
297,Tamara Anderson,Shellyhaven
298,Shelby Fields,Robinsontown
299,Christine Garrett,Lake Lindaton
300,Taylor Carter,West Rebekah
301,Vickie Houston,Lawrencestad
302,Brian Ruiz,South Andreatown
303,Arthur Simmons,North John
304,Kathryn Weber,Michaelland
305,Joshua Farmer,West Samuelport
306,Kyle Martinez,West Sethside
307,Patrick Williams,Campbellfort
308,Peter Dominguez,Ricechester
309,Valerie Allen,Dorisstad
310,Kristina Walker,Simmonsmouth
311,Kevin Hicks,Robertshire
312,Jake Griffin,Morrisburgh
313,Stephen Arnold,Knappport
314,Samantha Price DDS,Zimmermanfurt
315,Cynthia Daniels,Juliaside
316,Kristy Williams,Gardnerland
317,Elizabeth Anderson,Matthewmouth
318,Larry Keller,Amyton
319,Carolyn Hernandez,Port Tracie
320,Sara Harris,Lawsonview
321,Stephanie Jones,Lauramouth
322,Tonya Foster,Michaelfort
323,Kristen Harris,Lake Johnhaven
324,Elizabeth Mcpherson,Port David
325,Daniel Lewis,Teresaburgh
326,Anna Andrews MD,North Jenniferton
327,Debbie Ortega,Nicholasmouth
328,Christopher Alvarez,Port Richard
329,Katie Hunt,Robertshire
330,David Bass,Port Elizabeth
331,Sandra Moss,Heathermouth
332,Christina Marsh,Lake Jared
333,Susan Jacobson,Sheltontown
334,Chad Clark,New John
335,James Price,East Jason
336,Gabriel Silva,Youngfort
337,William Roth,Kiddmouth
338,Jason Reese,Dixonborough
339,Jody Hughes,New Andrewview
340,Michael Smith,South Brandon
341,Joyce Jackson,Port Paul
342,James Thomas,Erikfort
343,Vincent Zhang,East Michelle
344,Carlos Vargas,Morgantown
345,Kelly Wright PhD,Josephshire
346,Christopher Pierce,Baldwinborough
347,Devin Parker,Copelandberg
348,Andrew Mitchell,Karamouth
349,Leslie Andrews,Donnatown
350,Christine Le,Port Shelleyland
351,Amanda Barnett,Lake Robin
352,Benjamin Wilson,Lake Darrell
353,James Parker,Ritterbury
354,Rebecca Johnson,East Joelmouth
355,William Keith,Sheltonville
356,Mr. Gabriel Cooley,South Amy
357,Amanda Marsh,South Beverly
358,George Elliott Jr.,West Victoria
359,Christopher Diaz,West Danielle
360,Eric Vazquez,North Steven
361,Kaitlin Ramsey,South Ronniefurt
362,Heather Rodriguez,South Virginiachester
363,Walter Orozco,North Amber
364,Joseph Ritter,Rachelmouth
365,Adam Munoz,Troyborough
366,Deborah Frost,East Samantha
367,Charles Thompson,South Devinburgh
368,Kenneth Guzman,Matthewburgh
369,Harold Aguilar,West Kiara
370,Nathan Maxwell,New Carolinechester
371,Philip Burton,South Sherriland
372,Sarah Webb,Smithstad
373,Michelle Roberts,New Marissaton
374,Jason Reyes,Schmidtview
375,Terri Carter,Maddoxbury
376,Anthony Newman,Kimtown
377,Tiffany Bartlett,Murrayside
378,Kelly Clark,South Lauratown
379,Brent Vasquez,Mooreburgh
380,Sally Kirk,Jessicabury
381,Michael Lucero,West Stacey
382,Tina Thompson,Barretthaven
383,Thomas Warner,West Linda
384,Colton Smith,Lake Jamiechester
385,Scott Carroll,Davisview
386,Angela Gutierrez,Coreyhaven
387,Deborah Johnson,Andreaburgh
388,Jacob Moore,Matthewland
389,Daniel Cooper,Suarezfort
390,Scott Carter,Donnaberg
391,Jacob Williams,Lake Maxwellside
392,Michael Miller,South Dylan
393,Alison Ballard,East Shannon
394,Brian Allen,Port Jonathan
395,Donald Barnett,West Aaron
396,Christopher White,South Dustinville
397,Michael Orozco,Michaelside
398,Mindy Arnold,Danielston
399,Laurie Taylor,Bennettchester
400,Amy Burch,North Danielmouth
401,Ms. Kimberly Salazar,Underwoodmouth
402,Rebecca Rodriguez,Rhondaborough
403,Scott Lucas,Morrisstad
404,Teresa Stanley,Roberthaven
405,Jennifer Morgan,Grahamview
406,Kenneth Chung,Gregoryview
407,Denise Navarro,Aliciaville
408,Diane Elliott,Armstrongmouth
409,Samuel Hobbs,Jenniferborough
410,Laura Brown,Muellerhaven
411,Jennifer Cisneros,Wellsville
412,Sabrina Soto,Benjaminfort
413,Laura Schwartz DVM,Kristopherport
414,Bridget Green,Port Kenneth
415,Teresa Arnold,Davisstad
416,Jody Reed,Johnsonfort
417,William Chang,North Sean
418,Lance Smith,Port Wesleymouth
419,Isaac Case,Nataliemouth
420,Dennis Joyce,Castroberg
421,Victoria Jordan,New Alexis
422,Sean Hart,Robinsonfurt
423,Matthew Hancock,South Katherineton
424,Andrew Adams,Allenville
425,Patricia Ray,Lake Christopherport
426,Nicholas Powell,Port Leonard
427,Duane Leon,Sarahborough
428,Kristin Thompson,Meyerberg
429,David Gray,North Hollyview
430,Nicolas Carroll,Port Lee
431,John Castillo,Thomasport
432,Sabrina Martin,Lake Amy
433,Wyatt Jones,Lake Martinberg
434,April Mcintosh,New Leahshire
435,Laura Kerr,Smithside
436,Sherry Gallegos,Lake Anthonyport
437,Kristopher Harvey,Jodishire
438,Elizabeth Roy,Lindachester
439,Tina Young,Susanburgh
440,Stephanie Park,North Erikton
441,Chris Robinson,Gloverville
442,Blake Roberts,South Marcus
443,Dakota Noble,Ericksonton
444,Christopher Brooks,East Rachelberg
445,Erik Holmes,Port Davidburgh
446,Mitchell Taylor,Laurenberg
447,Micheal Nichols,Devinfort
448,Stephanie Barrett,Bowersside
449,Ruben Malone,Spencershire
450,Ashley Hopkins,Lucasfort
451,Kristen Boone,South Erinmouth
452,Bobby Johnson,Robertstad
453,Kevin Jennings,North Johnborough
454,Sarah Cross,Lake Kennethside
455,Bradley Chang,Lake Evanmouth
456,April Cruz,South Tiffany
457,Christopher Norton,Port Angelafurt
458,Louis Hernandez,Matthewton
459,Kim Sweeney,Jenniferberg
460,Alec Moyer,South Kathy
461,Sarah Chavez,Carlsonborough
462,John Harvey,Castrofurt
463,Jessica Parker,Heatherberg
464,Larry Reese,Suarezville
465,William Allen,Sotoside
466,Andrea Cardenas,Parsonsburgh
467,Pam Williams,East Amberchester
468,James Jones,Malloryburgh
469,Luis Trevino,Teresabury
470,Rebecca Campos,Josephmouth
471,David Miller,South Micheleborough
472,Maxwell Colon,Dawnview
473,Susan White,Torresport
474,Tracy Brown DDS,Robinsonchester
475,Charles Hall,Jessicamouth
476,Eric Kim,Cherylchester
477,Ian Chen,Matthewfurt
478,Gregory Fernandez,Seanburgh
479,Beth Jones,Lake Katelynmouth
480,Robert Carson,Deleonmouth
481,Daniel Berry,Jasminebury
482,Ashley Phillips,Lopezview
483,Juan Ball,Kimberlyview
484,Mary Wilson,South Jonathan
485,Shane Goodman,West Christopherhaven
486,Richard Morton,Daniellebury
487,Brandon Davidson,South Kristinefurt
488,Michael Reed,Chaneyton
489,Yesenia Long,Reyesberg
490,Angela Hess,Melissaland
491,Lynn Orr,West Christina
492,Andrew Lewis,Port Zachary
493,Jessica Jarvis,Caseymouth
494,Laura Taylor,West Jamie
495,Travis Hoffman,South Charlestown
496,Antonio Myers,East Angelamouth
497,Traci Whitaker,South Linda
498,Nicole Walker,New Jeffery
499,Denise Murillo,Port Michaelport
500,Mary Price,Jameshaven
501,Amy Castro,West Jamesfurt
502,John Cameron,West Melissa
503,Joshua Wells,New Gregory
504,Elizabeth Bond,Nicolechester
505,Shannon Walker,Odonnellside
506,Rhonda Webb,Fullerfurt
507,Sheila Turner,Robertstad
508,Cassandra Carrillo,West Christopherstad
509,Wesley Gordon,Theresaburgh
510,Isaac Osborn,Port Juan
511,Jessica Reyes,North Jennifer
512,Rebecca Reeves,East Michelleport
513,Kevin Bennett,Fitzgeraldshire
514,John Johnson,Dixonmouth
515,James Ruiz,Durhamshire
516,Deborah Harper,Knightport
517,Mr. Joseph Johnson,Seanville
518,Jorge Sosa,Williamsland
519,Kim Tran,Coffeymouth
520,Brian Wright,Richardsburgh
521,Raymond Mcdonald,Bestview
522,Lonnie Taylor,New Timothyport
523,Travis Owens,South Jacobview
524,Troy Romero,New Rebekahstad
525,Alex Crane,Port Amber
526,Jessica Phillips,Campbelltown
527,Virginia Sanchez,Erinland
528,Julie Townsend,Lindseyville
529,Jimmy Jacobson,Port Heather
530,Emily Stanley,Tonymouth
531,Karen Chase,Johnville
532,Ashley Johnson,New Joe
533,David Thompson,Rosestad
534,Carrie Dorsey,East Tonifort
535,Robert Hill,Evanschester
536,Lauren Mosley,Darrenhaven
537,Shirley Johnson,Virginiahaven
538,Jacob Bowman,Angelaton
539,Thomas Anderson,East Ambermouth
540,William Livingston,Zacharyfort
541,Jonathan Nash,Mathisville
542,Clarence Ponce,Lake Brandon
543,Brittany Rhodes,Lake Robin
544,Colleen Miller,South Amychester
545,Ricardo Craig,Joneshaven
546,Michael Frazier,South Renee
547,Gary Gates,Lake Dustinton
548,Catherine Sanchez,West Ronniemouth
549,Diane Gonzalez,Stevensonmouth
550,Bryan Martin,East Davidmouth
551,Monica Walker,Katieville
552,Sean Pruitt,Landryfort
553,Mark Adams,Catherineborough
554,Jose Adams,West Mistyton
555,Allison Martin,Connertown
556,Jill Washington,Randyport
557,Joy Stephens,West Johnside
558,Megan Murphy,North Claudiaview
559,Jessica Brown,Lake Anthony
560,Nicholas Boone,Jacksonview
561,Jason Robertson,North Scottshire
562,Peter Hill,Charlestown
563,Mary Sharp,East Cynthiashire
564,Scott Medina,South Craigchester
565,Kim Gross,East Adam
566,Samantha Dunn,Amandahaven
567,Paul Smith,Huynhville
568,Parker Sullivan,North Richardfort
569,Miranda Yu,Nicoleside
570,Beth Anderson,East Brittney
571,Lindsey Rowe,Sarahton
572,William Estes,South Jacobmouth
573,Elizabeth Thompson,Jamesmouth
574,Matthew Turner,Port Michaelton
575,Betty Smith,Port Amandafort
576,Seth Higgins,Port Derrick
577,Peter Moore,Fergusonburgh
578,Mr. Gabriel Montes,Port Charlesmouth
579,Carol Perez,Vanessaborough
580,Crystal Goodwin,New Dianaborough
581,Donna Rodriguez,Jonesberg
582,Derek Pearson,Port Allen
583,Nicholas Mccoy,Katiefort
584,David Hall,Port John
585,Andres Perry,Martinfurt
586,Shelby Burton MD,Nelsonshire
587,Zachary Cooke,New Patriciaville
588,Angel Cooley,Nicoleville
589,Stacy Harrison,Port Jefferyview
590,Amy Rivas,Lake Brittany
591,Matthew Young,Lake Adrian
592,April Arroyo,New Jeremiahville
593,William Dawson,Hooverfort
594,Melissa Harper,East Cindy
595,David Jensen,Cordovafurt
596,Matthew Wallace,Lake Emma
597,Elizabeth Cole,West Melindamouth
598,Linda Castillo,North Jeffreymouth
599,Carl Butler,North Frederick
600,Craig Solis,New Nicole
